10/01/17,OAK,L,2-5,Daniel,Mengden,(R),Cole,Hamels,(L),L,-143,U,10,-114
09/30/17,OAK,W,8-4,Daniel,Gossett,(R),Andrew,Cashner,(R),W,-122,O,10.5,-119
09/29/17,OAK,W,5-3,Raul,Alcantara,(R),Martin,Perez,(L),W,-125,U,10.5,109
09/28/17,OAK,L,1-4,Sean,Manaea,(L),Miguel,Gonzalez,(R),L,118,U,10.5,-115
09/27/17,HOU,L,2-12,Justin,Verlander,(R),Nick,Martinez,(R),L,197,O,10,-107
09/26/17,HOU,L,3-14,Dallas,Keuchel,(L),Cole,Hamels,(L),L,136,O,9.5,-107
09/25/17,HOU,L,2-11,Collin,McHugh,(R),Andrew,Cashner,(R),L,125,O,11,-111
09/24/17,@OAK,L,1-8,Martin,Perez,(L),Jharel,Cotton,(R),L,104,U,10,-100
09/23/17,@OAK,L,0-1,Miguel,Gonzalez,(R),Raul,Alcantara,(R),L,-121,U,10.5,-110
09/22/17,@OAK,L,1-4,Nick,Martinez,(R),Kendall,Graveman,(R),L,125,U,9.5,103
09/21/17,@SEA,W,4-2,Cole,Hamels,(L),James,Paxton,(L),W,157,U,8.5,-113
09/20/17,@SEA,W,8-6,Andrew,Cashner,(R),Felix,Hernandez,(R),W,142,O,9,104
09/19/17,@SEA,W,3-1,Martin,Perez,(L),Mike,Leake,(R),W,142,U,9.5,-124
09/17/17,@LAA,W,4-2,Miguel,Gonzalez,(R),Garrett,Richards,(R),W,172,U,9,-114
09/16/17,@LAA,L,0-2,Cole,Hamels,(L),Parker,Bridwell,(R),L,122,U,9,108
09/15/17,@LAA,L,6-7,Nick,Martinez,(R),Bud,Norris,(R),L,136,O,9,-108
09/14/17,SEA,L,4-10,Felix,Hernandez,(R),Andrew,Cashner,(R),L,102,O,12,-105
09/13/17,SEA,L,1-8,Mike,Leake,(R),Martin,Perez,(L),L,-104,U,11,-111
09/12/17,SEA,L,3-10,Marco,Gonzales,(L),Miguel,Gonzalez,(R),L,-115,O,11.5,111
09/11/17,SEA,W,5-3,Ariel,Miranda,(L),Cole,Hamels,(L),W,-126,U,10.5,103
09/10/17,NYY,L,7-16,Jordan,Montgomery,(L),A.J.,Griffin,(R),L,111,O,10.5,-103
09/09/17,NYY,L,1-3,Luis,Severino,(R),Andrew,Cashner,(R),L,174,U,9,-102
09/08/17,NYY,W,11-5,Masahiro,Tanaka,(R),Martin,Perez,(L),W,140,O,9.5,-110
09/06/17,@ATL,L,4-5,Cole,Hamels,(L),Julio,Teheran,(R),L,-109,P,9,-
09/06/17,@ATL,W,12-8,Miguel,Gonzalez,(R),Luiz,Gohara,(L),W,-111,O,9,-116
09/04/17,@ATL,W,8-2,Andrew,Cashner,(R),R.A.,Dickey,(R),W,109,O,9.5,102
09/03/17,LAA,W,7-6,Andrew,Heaney,(L),Martin,Perez,(L),W,122,O,11,-113
09/02/17,LAA,L,4-7,Ricky,Nolasco,(R),A.J.,Griffin,(R),L,117,P,11,-
09/01/17,LAA,W,10-9,Tyler,Skaggs,(L),Cole,Hamels,(L),W,132,O,10.5,-118
08/31/17,@HOU,L,1-5,Nick,Martinez,(R),Collin,McHugh,(R),L,156,U,9.5,-121
08/30/17,@HOU,W,8-1,Andrew,Cashner,(R),Dallas,Keuchel,(L),W,186,P,9,-
08/29/17,@HOU,W,12-2,Martin,Perez,(L),Mike,Fiers,(R),W,140,O,9.5,-109
08/27/17,@OAK,L,3-8,A.J.,Griffin,(R),Jharel,Cotton,(R),L,112,O,10.5,-103
08/26/17,@OAK,L,3-8,Cole,Hamels,(L),Sean,Manaea,(L),L,-101,O,9.5,-104
08/25/17,@OAK,L,1-3,Nick,Martinez,(R),Kendall,Graveman,(R),L,129,U,9.5,-107
08/24/17,@LAA,W,3-0,Martin,Perez,(L),Troy,Scribner,(R),W,136,U,9.5,-101
08/23/17,@LAA,W,7-5,Andrew,Cashner,(R),Andrew,Heaney,(L),W,156,O,8.5,-122
08/22/17,@LAA,L,1-10,Tyson,Ross,(R),Ricky,Nolasco,(R),L,150,O,9.5,-115
08/21/17,@LAA,W,5-3,Cole,Hamels,(L),Tyler,Skaggs,(L),W,142,U,8.5,-108
08/20/17,CHW,L,2-3,Miguel,Gonzalez,(R),A.J.,Griffin,(R),L,-183,U,11.5,-105
08/19/17,CHW,W,17-7,Derek,Holland,(L),Martin,Perez,(L),W,-215,O,11,-113
08/18/17,CHW,L,3-4,James,Shields,(R),Andrew,Cashner,(R),L,-245,U,11.5,-125
08/17/17,CHW,W,9-8,Reynaldo,Lopez,(R),Tyson,Ross,(R),W,-177,O,11,-105
08/16/17,DET,W,12-6,Anibal,Sanchez,(R),Cole,Hamels,(L),W,-178,O,11,-113
08/15/17,DET,W,10-4,Justin,Verlander,(R),A.J.,Griffin,(R),W,-107,O,10.5,-115
08/14/17,DET,W,6-2,Michael,Fulmer,(R),Martin,Perez,(L),W,-108,U,11,-114
08/13/17,HOU,L,1-2,Dallas,Keuchel,(L),Andrew,Cashner,(R),L,123,U,11,-129
08/12/17,HOU,W,8-3,Mike,Fiers,(R),Tyson,Ross,(R),W,104,P,11,-
08/11/17,HOU,W,6-4,Charlie,Morton,(R),Cole,Hamels,(L),W,105,U,10.5,-100
08/09/17,@NYM,W,5-1,Martin,Perez,(L),Rafael,Montero,(R),W,102,U,9.5,-108
08/08/17,@NYM,L,4-5,A.J.,Griffin,(R),Chris,Flexen,(R),L,-104,U,9.5,-105
08/06/17,@MIN,L,5-6,Nick,Martinez,(R),Jose,Berrios,(R),L,125,O,10.5,103
08/05/17,@MIN,W,4-1,Cole,Hamels,(L),Kyle,Gibson,(R),W,-123,U,9.5,-103
08/04/17,@MIN,L,4-8,Martin,Perez,(L),Bartolo,Colon,(R),L,-105,O,10.5,103
08/03/17,@MIN,W,4-1,A.J.,Griffin,(R),Adalberto,Mejia,(L),W,114,U,9.5,-114
08/02/17,SEA,W,5-1,Ariel,Miranda,(L),Andrew,Cashner,(R),W,-108,U,10,105
08/01/17,SEA,L,7-8,Erasmo,Ramirez,(R),Nick,Martinez,(R),L,-104,O,11,100
07/31/17,SEA,L,4-6,Felix,Hernandez,(R),Cole,Hamels,(L),L,-107,U,10.5,-115
07/30/17,BAL,L,6-10,Wade,Miley,(L),Martin,Perez,(L),L,-113,O,11.5,103
07/29/17,BAL,L,0-4,Kevin,Gausman,(R),Austin,Bibens-Dirkx,(R),L,105,U,11,-108
07/28/17,BAL,W,8-2,Chris,Tillman,(R),Andrew,Cashner,(R),W,-133,U,11.5,109
07/26/17,MIA,L,10-22,Jose,Urena,(R),Yu,Darvish,(R),L,-218,O,10,-129
07/25/17,MIA,W,10-4,Dan,Straily,(R),Cole,Hamels,(L),W,-152,O,11,-104
07/24/17,MIA,L,0-4,Adam,Conley,(L),Martin,Perez,(L),L,-141,U,11.5,-105
07/23/17,@TB,W,6-5,Tyson,Ross,(R),Jake,Odorizzi,(R),W,111,O,9,-123
07/22/17,@TB,W,4-3,Andrew,Cashner,(R),Chris,Archer,(R),W,165,U,8.5,-108
07/21/17,@TB,W,4-3,Yu,Darvish,(R),Alex,Cobb,(R),W,-127,U,8.5,-110
07/20/17,@BAL,L,7-9,Cole,Hamels,(L),Wade,Miley,(L),L,106,O,10.5,-105
07/19/17,@BAL,L,2-10,Martin,Perez,(L),Kevin,Gausman,(R),L,133,O,10.5,-102
07/18/17,@BAL,L,1-12,Tyson,Ross,(R),Dylan,Bundy,(R),L,113,O,10.5,106
07/17/17,@BAL,L,1-3,Andrew,Cashner,(R),Chris,Tillman,(R),L,101,U,11,-112
07/16/17,@KC,L,3-4,Yu,Darvish,(R),Ian,Kennedy,(R),L,-138,U,8.5,118
07/15/17,@KC,W,1-0,Cole,Hamels,(L),Danny,Duffy,(L),W,112,U,9,-110
07/14/17,@KC,W,5-3,Martin,Perez,(L),Jason,Hammel,(R),W,104,U,9.5,102
07/09/17,LAA,L,0-3,JC,Ramirez,(R),Yu,Darvish,(R),L,-205,U,9,105
07/08/17,LAA,W,5-2,Jesse,Chavez,(R),Tyson,Ross,(R),W,-140,U,10.5,-102
07/07/17,LAA,W,10-0,Ricky,Nolasco,(R),Cole,Hamels,(L),W,-138,P,10,-
07/05/17,BOS,W,8-2,Doug,Fister,(R),Andrew,Cashner,(R),W,106,U,10.5,-100
07/04/17,BOS,L,4-11,David,Price,(L),Yu,Darvish,(R),L,-103,O,9,106
07/03/17,BOS,L,5-7,Rick,Porcello,(R),Martin,Perez,(L),L,111,O,10.5,-119
07/02/17,@CHW,L,5-6,Tyson,Ross,(R),Jose,Quintana,(L),L,105,O,9.5,-103
07/01/17,@CHW,W,10-4,Cole,Hamels,(L),Derek,Holland,(L),W,-117,O,10,-122
06/30/17,@CHW,L,7-8,Austin,Bibens-Dirkx,(R),Mike,Pelfrey,(R),L,-135,O,10,-100
06/29/17,@CLE,L,1-5,Andrew,Cashner,(R),Corey,Kluber,(R),L,240,U,9.5,108
06/28/17,@CLE,L,3-5,Yu,Darvish,(R),Trevor,Bauer,(R),L,121,U,9,100
06/27/17,@CLE,W,2-1,Tyson,Ross,(R),Mike,Clevinger,(R),W,159,U,10.5,-113
06/26/17,@CLE,L,9-15,Cole,Hamels,(L),Carlos,Carrasco,(R),L,156,O,8.5,-106
06/25/17,@NYY,W,7-6,Nick,Martinez,(R),Michael,Pineda,(R),W,214,O,10.5,108
06/24/17,@NYY,W,8-1,Austin,Bibens-Dirkx,(R),Luis,Cessa,(R),W,142,U,11,-101
06/23/17,@NYY,L,1-2,Yu,Darvish,(R),Masahiro,Tanaka,(R),L,116,U,10,-117
06/22/17,TOR,W,11-4,Marcus,Stroman,(R),Martin,Perez,(L),W,105,O,10.5,103
06/21/17,TOR,L,5-7,Joe,Biagini,(R),Tyson,Ross,(R),L,-115,O,11,113
06/20/17,TOR,W,6-1,Francisco,Liriano,(L),Nick,Martinez,(R),W,116,U,11,-113
06/19/17,TOR,L,6-7,Marco,Estrada,(R),Austin,Bibens-Dirkx,(R),L,117,O,10.5,-105
06/18/17,SEA,L,3-7,Christian,Bergman,(R),Yu,Darvish,(R),L,-190,U,10.5,104
06/17/17,SEA,W,10-4,Yovani,Gallardo,(R),Martin,Perez,(L),W,-134,O,12,-105
06/16/17,SEA,W,10-4,James,Paxton,(L),Tyson,Ross,(R),W,104,O,10,-116
06/14/17,@HOU,L,2-13,Andrew,Cashner,(R),Francis,Martes,(R),L,130,O,9.5,100
06/13/17,@HOU,W,4-2,Nick,Martinez,(R),Brad,Peacock,(R),W,174,U,9,104
06/12/17,@HOU,W,6-1,Yu,Darvish,(R),Joe,Musgrove,(R),W,109,U,8.5,-113
06/11/17,@WAS,W,5-1,Austin,Bibens-Dirkx,(R),Max,Scherzer,(R),W,235,U,9,104
06/10/17,@WAS,W,6-3,Martin,Perez,(L),Gio,Gonzalez,(L),W,150,U,9.5,-117
06/09/17,@WAS,W,5-2,Andrew,Cashner,(R),Tanner,Roark,(R),W,160,U,9,108
06/07/17,NYM,L,3-4,Zack,Wheeler,(R),Yu,Darvish,(R),L,-142,U,9.5,-120
06/06/17,NYM,W,10-8,Jacob,deGrom,(R),Dillon,Gee,(R),W,124,O,9.5,-112
06/04/17,HOU,L,2-7,Brad,Peacock,(R),Martin,Perez,(L),L,126,U,10,111
06/03/17,HOU,L,5-6,Lance,McCullers,(R),Andrew,Cashner,(R),L,156,O,9.5,-101
06/02/17,HOU,L,1-7,Dallas,Keuchel,(L),Yu,Darvish,(R),L,106,P,8,-
05/31/17,TB,L,5-7,Chris,Archer,(R),Austin,Bibens-Dirkx,(R),L,126,O,9.5,-109
05/30/17,TB,W,9-5,Matt,Andriese,(R),Nick,Martinez,(R),W,-100,O,10,-105
05/29/17,TB,L,8-10,Erasmo,Ramirez,(R),Martin,Perez,(L),L,-135,O,9.5,-100
05/28/17,@TOR,W,3-1,Andrew,Cashner,(R),Joe,Biagini,(R),W,157,U,9,105
05/27/17,@TOR,L,1-3,Yu,Darvish,(R),Marco,Estrada,(R),L,-108,U,7.5,-113
05/26/17,@TOR,L,6-7,A.J.,Griffin,(R),Mike,Bolsinger,(R),L,127,O,9.5,-126
05/25/17,@BOS,L,2-6,Nick,Martinez,(R),Drew,Pomeranz,(L),L,182,U,9,102
05/24/17,@BOS,L,4-9,Martin,Perez,(L),Chris,Sale,(L),L,262,O,8,-117
05/23/17,@BOS,L,6-11,Andrew,Cashner,(R),Rick,Porcello,(R),L,175,O,9.5,-101
05/21/17,@DET,W,5-2,Yu,Darvish,(R),Matthew,Boyd,(L),W,-126,U,8.5,106
05/20/17,@DET,L,3-9,A.J.,Griffin,(R),Justin,Verlander,(R),L,136,O,8.5,104
05/19/17,@DET,W,5-3,Nick,Martinez,(R),Daniel,Norris,(L),W,136,U,9,-114
05/18/17,PHI,W,8-4,Nick,Pivetta,(R),Martin,Perez,(L),W,-140,O,10,-111
05/17/17,PHI,W,9-3,Zach,Eflin,(R),Andrew,Cashner,(R),W,-134,O,10.5,-118
05/16/17,PHI,W,5-1,Jerad,Eickhoff,(R),Yu,Darvish,(R),W,-175,U,8.5,109
05/14/17,OAK,W,6-4,Kendall,Graveman,(R),A.J.,Griffin,(R),W,-125,O,9.5,-110
05/13/17,OAK,W,6-5,Sonny,Gray,(R),Nick,Martinez,(R),W,104,O,9.5,-108
05/12/17,OAK,W,5-2,Jesse,Hahn,(R),Andrew,Cashner,(R),W,-110,U,9.5,-110
05/11/17,SD,W,5-2,Clayton,Richard,(L),Martin,Perez,(L),W,-133,U,9,114
05/10/17,SD,W,4-3,Luis,Perdomo,(R),Yu,Darvish,(R),W,-193,U,8.5,107
05/09/17,@SD,W,11-0,A.J.,Griffin,(R),Jered,Weaver,(R),W,-125,O,8.5,-100
05/08/17,@SD,L,1-5,Nick,Martinez,(R),Trevor,Cahill,(R),L,114,U,7.5,-102
05/07/17,@SEA,L,3-4,Andrew,Cashner,(R),Dillon,Overton,(L),L,143,U,8.5,103
05/06/17,@SEA,L,2-8,Martin,Perez,(L),Chase,Jong,(R),L,104,O,8.5,-112
05/05/17,@SEA,W,3-1,Yu,Darvish,(R),Yovani,Gallardo,(R),W,-119,U,7.5,-116
05/04/17,@HOU,W,10-4,A.J.,Griffin,(R),Joe,Musgrove,(R),W,138,O,8.5,-107
05/03/17,@HOU,L,1-10,Nick,Martinez,(R),Charlie,Morton,(R),L,165,O,8.5,102
05/02/17,@HOU,L,7-8,Alex,Claudio,(L),Mike,Fiers,(R),L,126,O,8.5,-123
05/01/17,@HOU,L,2-6,Andrew,Cashner,(R),Lance,McCullers,(R),L,201,U,8.5,105
04/30/17,LAA,L,2-5,JC,Ramirez,(R),Martin,Perez,(L),L,108,U,9,-101
04/29/17,LAA,W,6-3,Jesse,Chavez,(R),Yu,Darvish,(R),W,-153,O,8.5,112
04/28/17,LAA,L,3-6,Tyler,Skaggs,(L),Nick,Martinez,(R),L,112,U,9.5,-100
04/26/17,MIN,W,14-3,Hector,Santiago,(L),Cole,Hamels,(L),W,-148,O,9,111
04/25/17,MIN,L,1-8,Ervin,Santana,(R),Andrew,Cashner,(R),L,104,U,10,107
04/24/17,MIN,L,2-3,Phil,Hughes,(R),Martin,Perez,(L),L,-142,U,9.5,116
04/23/17,KC,W,5-2,Jason,Hammel,(R),Yu,Darvish,(R),W,-201,U,8,-103
04/22/17,KC,W,2-1,Ian,Kennedy,(R),Nick,Martinez,(R),W,105,U,8.5,-107
04/21/17,KC,W,6-2,Nate,Karns,(R),Cole,Hamels,(L),W,-134,U,8.5,103
04/20/17,KC,W,1-0,Danny,Duffy,(L),Andrew,Cashner,(R),W,107,U,8.5,107
04/19/17,@OAK,L,1-9,Martin,Perez,(L),Jesse,Hahn,(R),L,105,O,8.5,101
04/18/17,@OAK,L,2-4,Yu,Darvish,(R),Andrew,Triggs,(R),L,-139,U,7,-119
04/17/17,@OAK,W,7-0,A.J.,Griffin,(R),Jharel,Cotton,(R),W,129,U,7.5,-108
04/16/17,@SEA,L,7-8,Cole,Hamels,(L),Hisashi,Iwakuma,(R),L,-105,O,7.5,-132
04/15/17,@SEA,L,0-5,Andrew,Cashner,(R),James,Paxton,(L),L,158,U,7.5,-105
04/14/17,@SEA,L,1-2,Martin,Perez,(L),Felix,Hernandez,(R),L,125,U,7.5,105
04/13/17,@LAA,W,8-3,Yu,Darvish,(R),Ricky,Nolasco,(R),W,-121,O,8,102
04/12/17,@LAA,W,8-3,A.J.,Griffin,(R),Jesse,Chavez,(R),W,130,O,8.5,107
04/11/17,@LAA,L,5-6,Cole,Hamels,(L),Tyler,Skaggs,(L),L,107,O,8,102
04/09/17,OAK,W,8-1,Sean,Manaea,(L),Martin,Perez,(L),W,110,U,10,-115
04/08/17,OAK,L,1-6,Kendall,Graveman,(R),Yu,Darvish,(R),L,-164,U,9,-108
04/07/17,OAK,W,10-5,Raul,Alcantara,(R),A.J.,Griffin,(R),W,-153,O,9.5,-126
04/05/17,CLE,L,6-9,Danny,Salazar,(R),Cole,Hamels,(L),L,104,O,8,-112
04/04/17,CLE,L,3-4,Carlos,Carrasco,(R),Martin,Perez,(L),L,148,U,9,107
04/03/17,CLE,L,5-8,Corey,Kluber,(R),Yu,Darvish,(R),L,103,O,8,-110
